ID,company_code,assigned_to,location_n,model_description,serial_number,added_at,firstname,middlename,surname,con_dition,quantity
,RETAIL-BCI001,,MARKETING,SGH338RPOL,HP COMPAQ PV0 6300 SFF,,Marketing,,Ojt,GOOD,1
,RETAIL-BCI002,,MARKETING,NXVEASP0398390092037600,TRAVELMATE P249-62-MG,,Maribelle,,Fernandez,GOOD,1
,RETAIL-BCI003,,MARKETING,,IGER E1,,BRYAN,,ROLDAN,GOOD,1
,RETAIL-BCI004,,MARKETING,NXGFSSP01082208E027600,ASPRE ES1-432,,ANGELICA,,NAGRAMPA,GOOD,1
,RETAIL-BCI005,,MARKETING,JT009Q00200JMM7MXDOS,IGER E1,,RYAN,,JAVIER,GOOD,1
,RETAIL-BCI006,,MARKETING,1S3227BK6PB958MD,3227BK6,,MICH MICHAEL,,ANGELO,GOOD,1
,RETAIL-BCI007,,MARKETING,,IGER E1,,GAB,,SANTIAGO,GOOD,1
,RETAIL-BCI008,,MARKETING,JT009Q00200JUH7UXCNZ,IGER E1,,RONELLE,,BIALA,GOOD,1
,RETAIL-BCI009,,MARKETING,JT009Q00200JMM8SXFTO,IGER E1,,LIZEL,,BELEN,GOOD,1
,RETAIL-BCI010,,MARKETING,NXVE65P0847241DCBA7600,TRAVELMATE P249-62-M,,MARIA ELENA,,LOSINA,GOOD,1
,RETAIL-BCI011,,MARKETING,,ASPIRE X 1440,,JUNJIE,,PALMERO,GOOD,1
,RETAIL-BCI012,,MARKETING,JT009Q00200JMM7MEKMV,IGER E1,,LESTER GLENN,,DOLOR,GOOD,1
,RETAIL-BCI013,,MARKETING,JT009Q00200JMM7MXKI7,IGER E1,,JOCELLE,,ROSALES,GOOD,1
,RETAIL-BCI014,,MARKETING,NXVEASP0097260635F7600,TRAVELMATE P249-62-M,,HERNAN,,GLOBIO,GOOD,1
,RETAIL-BCI015,,MARKETING,,ASPIRE P71470,,SHANE,,MORALES,GOOD,1
,RETAIL-BCI016,,MARKETING,JT009Q00200JMM7X7GE,IGER E1,,RICKY,,MOLERA,GOOD,1
,RETAIL-BCI017,,MARKETING,NXEFVSP00101002EC32NOD,EXTENSA 21S-21,,SHARON,,OMARGO,GOOD,1
,RETAIL-BCI018,,MARKETING,NXVE6SP0847241DCCE7600,TRAVELMATE P249-62-M,,GAYLE,,TRINIDAD,GOOD,1
,RETAIL-BCI019,,MARKETING,JT009Q00200JMMMEM76,IGER E1,,ROSALIE,,BABASA,GOOD,1
,RETAIL-BCI020,,MARKETING,NXGFSSPO1088D877600,ASPIRE ES1-432,,JULIUS,,CABALES,GOOD,1
,RETAIL-BCI021,,ACCOUNTING,,VERITON X4630G,,CRISTY,,JAVIER,GOOD,1
,RETAIL-BCI022,,ACCOUNTING,DTX0CSPO3460802C689600,EXTENSA M2610,,JOANNALYN,,QUIMPO,GOOD,1
,RETAIL-BCI023,,ACCOUNTING,BBCK82500709690213,GAMDIAS MONITOR,,JOANNALYN,,QUIMPO,GOOD,1
,RETAIL-BCI024,,ACCOUNTING,,GAMDIAS MONITOR,,CRISTY,,JAVIER,GOOD,1
,RETAIL-BCI025,,ACCOUNTING,E80726EH255246,Brother dcp-t720dw,,ADMIN,,,GOOD,1
,RETAIL-BCI026,,ACCOUNTING,KNUJ12709,Canon PIXMA  g1010,,ADMIN,,,GOOD,1
,RETAIL-BCI027,,ACCOUNTING,E73801FN191608,Brother dcp-L2540DW,,ADMIN,,,GOOD,1
,RETAIL-BCI028,,ACCOUNTING,E78669B9H526373,Brother dcp-T710W,,ADMIN,,,GOOD,1
,RETAIL-BCI029,,ACCOUNTING,F0K558971,Brother dcp-GX-6750,,Shiedy,,Adaro,GOOD,1
,RETAIL-BCI030,,ACCOUNTING,87CY208882,LX-310 PA71A,,Shiedy,,Adaro,GOOD,1
,RETAIL-BCI031,,ACCOUNTING,DTBC7SP0088410C4DD3000,Aspire TC-860 (PC),,Shiedy,,Adaro,GOOD,1
,RETAIL-BCI032,,ACCOUNTING,Q52A1JA010046,ENVISION H819 (MONITOR),,Shiedy,,Adaro,GOOD,1
,RETAIL-BCI033,,ACCOUNTING,DTX0CSP03460802C0D9600,Extensa M2610 (PC),,Grace ,,de luna,GOOD,1
,RETAIL-BCI034,,ACCOUNTING,BACK82500A10690461,ATLAS HD 276C (MONITOR),,Grace ,,de luna,GOOD,1
,RETAIL-BCI035,,ACCOUNTING,22601996692,Veriton M2610G (PC),,Nicole Ann,N,Armesis,GOOD,1
,RETAIL-BCI036,,ACCOUNTING,VH238FII2303130887,ATLAS VH 238F II (MONITOR),,Nicole Ann,N,Armesis,GOOD,1
,RETAIL-BCI037,,ACCOUNTING,00212-352-081-568,Veriton X2611G (PC),,Ergine Glory,,Rubio,GOOD,1
,RETAIL-BCI038,,ACCOUNTING,VH238FII2303130833,ATLAS VH 238F II (MONITOR),,Ergine Glory,,Rubio,GOOD,1
,RETAIL-BCI039,,ACCOUNTING,64100036596,Extensa M2610 (PC),,Rizza,,Bacatin,GOOD,1
,RETAIL-BCI040,,ACCOUNTING,VH238FII2203110687,ATLAS VH 238F II (MONITOR),,Rizza,,Bacatin,GOOD,1
,RETAIL-BCI041,,ACCOUNTING,41100729096,Aspire TC-1770 (PC),,Arlene,,Mabunga,GOOD,1
,RETAIL-BCI042,,ACCOUNTING,VH238FII2203110579,ATLAS VH 238F II (MONITOR),,Arlene,,Mabunga,GOOD,1
,RETAIL-BCI043,,ACCOUNTING,DTVLASP03044700F4F9600,Veriton X4630G (PC),,Ma Teresa,,Reyna,GOOD,1
,RETAIL-BCI044,,ACCOUNTING,BAIJ82801625690763,ATLAS HD 276CG (MONITOR),,Ma Teresa,,Reyna,GOOD,1
,RETAIL-BCI045,,ACCOUNTING,DTVLASP03044700F4F9626,Veriton X4630G (PC),,Bianca Marie,,Lamson,GOOD,1
,RETAIL-BCI046,,ACCOUNTING,MMTX5SP002345023EA2X00,ACER SA22Q (MONITOR),,Bianca Marie,,Lamson,GOOD,1
,CORP. 001,,CORPORATE,E73801C5N940899,BROTHER DCP-L25400W,,PRINTER,,,GOOD,1
,CORP. 002,,CORPORATE,E74706J7H593947,BROTHER DCP-T300,,PRINTER,,,GOOD,1
,CORP. 003,,CORPORATE,E81773A3H236305,BROTHER MFC-J3540DW,,PRINTER,,,GOOD,1
,CORP. 004,,CORPORATE,E80726D4H141271,BROHER DCP-T720DW,,PRINTER,,,GOOD,1
,CORP. 005,,CORPORATE,E78947F8H948549,BROTHER MFC-T4500DW,,PRINTER,,,GOOD,1
,CORP. 006,,CORPORATE,NXBNSP0036470AAF1340,ACER TMP248-M-36KA,,OJT-Rhen,B,Fernandez,GOOD,1
,CORP. 007,,CORPORATE,NXEG8SP00T10415ED73400,ACER EX215-52-35FY,,OJT-Jayrald,L,Pelegrino,GOOD,1
,CORP. 008,,CORPORATE,NXEFASP00273203F4C6600,ACER Extensa 2519-C49F,,OJT-Jc,,,GOOD,1
,CORP. 009,,CORPORATE,NXVBNSP016642088EB3400,ACER TMP248-M-37M0,,LAPTOP,,,DEFECTED,1
,CORP. 010,,CORPORATE,E80732M0H187597,BROTHER MFC-T920DW,,PRINTER,,,DEFECTED,1
,CORP. 011,,CORPORATE,DTBC7SP0118410BC9F3000,ACER ASPIRE TC-860,,Joseph,,Espiritu,GOOD,1
,CORP. 012,,CORPORATE,BBCA82509316690036,GAMDIAS ATLAS HD 236C,,Joseph,,Espiritu,GOOD,1
,CORP. 013,,CORPORATE,D3292JA346525,ENVISION H716W,,MONITOR,,,GOOD,1
,CORP. 014,,CORPORATE,F4LMTF134284,ASUS VS197,,MONITOR,,,GOOD,1
,CORP. 015,,CORPORATE,,CLONE DESKTOP,,Mandy,,,GOOD,1
,CORP. 016,,CORPORATE,HDP238CZ21081102102,GAMDIAS ATLAS VHD 238C,,Mandy,,,GOOD,1
,CORP. 017,,CORPORATE,HDP238CZ21081101754,GAMDIAS ATLAS VHD 238C,,Ms. Mhay,,,GOOD,1
,CORP. 018,,CORPORATE,BACA82509A29690028,GAMDIAS ATLAS HD 23C,,ADMIN CCTV,,,GOOD,1
,CORP. 019,,CORPORATE,SGH411R21Z - DESKTOP,HP Compaq Elite 8300 Small Form Factor,,Mhay CCTV,,,GOOD,1
,CORP. 020,,CORPORATE,DTVLASP03044700EE09600,ACER VERITON X4630G(VX4630G_E2),,Michael,,,GOOD,1
,CORP. 021,,CORPORATE,HDP238CZ21081100088,GAMDIAS ALTAS VHD 238C,,Michael,,,GOOD,1
,CORP. 022,,CORPORATE,2658,Old Desktop Clone - Cebu,,,,,GOOD,1
,CORP. 023,,CORPORATE,NXVGQSP011937007957200,ACER TMP2410-G2-MG-54HX,,Gian,,,GOOD,1
,CORP. 024,,CORPORATE,JT009A00F00JMP8HUYCA,THUNDERROBOT 911M16,,Levi,,,GOOD,1
,CORP.025,,CORPORATE,JB0BN000000JMPCFJ784,THUNDERROBOT 911MT,,Leemar,,,GOOD,1
,CORP.026,,CORPORATE,JT009Z00S00JMM8UAW9M,THUNDERROBOT IGER E1,,Tim,,,GOOD,1
,CORP.027,,CORPORATE,NXGFSSP0098110E0937600,ACER ES1-432-P0KC,,Liza,,,GOOD,1
,CORP.028,,CORPORATE,NXGYBSP001817018170A6733400,ACER A316-41G-R5U3,,Irene,,,GOOD,1
,CORP.029,,CORPORATE,NXVEASP0087033302E7600,ACER TMP249-G2-MG-33HL,,Sherilyn,,,GOOD,1
,CORP.030,,CORPORATE,JT0009Q00200JMM8SUY8G,THUNDERROBOT IGER E1,,Ryan T,,,GOOD,1
,CORP.031,,CORPORATE,34100948796,ACER VERITON,,OJT admin-Unit,,,GOOD,1
,CORP.032,,CORPORATE,HDP238CZ21081101117,GAMDIAS ATLAS VHD 238C,,OJT admin-Monitor,,,GOOD,1
,CORP.033,,CORPORATE,C3PECJ001171,ASUS all-in-one PC,,OJT admin-Monitor,,,GOOD,1
,CORP.034,,CORPORATE,JT009Z00S00JMM8UA845,THUNDERROBOT IGER E1,,Jessa,,,GOOD,1
,CORP.035,,CORPORATE,44700373796,ACER VERITON X4630G(VX4630G_E2),,Jovi,,,GOOD,1
,CORP.036,,CORPORATE,7818ABBA001187,ENVISION P951wa+,,Jovi,,,GOOD,1
,CORP.037,,CORPORATE,NXVPNSP07521406D527600,ACER TMP214-53-54TU,,Odi,,,GOOD,1
,CORP.038,,CORPORATE,NXV9USP023537205F47600,ACER TMP246-MG-31P1,,She,,,GOOD,1
,CORP.039,,CORPORATE,JT009Z00S00JMM8UB9QK,IGER E1,,Noida,,,GOOD,1
,CORP.040,,CORPORATE,JT009Q00200JMM7MX3QC,IGER E1,,William,,Vera,GOOD,1
,CORP.041,,CORPORATE,JT009Q00200JMM8SZ61W,THNUNDEROBOT IGER E1 I3,,Amorsolo,,Meija,GOOD,1
,CORP.042,,CORPORATE,JT009Q00200JMM8SMRG9,THUNDEROBOT IGER1,,Jennifer,,Leoncio,GOOD,1
,CORP.043,,CORPORATE,JT009D00600JMN1TQZ0K,THUNDEROBOT,,Michael Angelo,,Boncodin,GOOD,1
,CORP.044,,CORPORATE,JT009Q00200JMM8SSUMN,THUNDEROBOT IGER1,,Billie John,,Libao,GOOD,1
,CORP.045,,CORPORATE,JT009Z00S00JMM89TYWA,THNUNDEROBOT IGER E1 ,,Catherine,,Ta�edo,GOOD,1
,CORP.046,,CORPORATE,NXVGTSP04592401BAD7200,TRAVELMATE P2410-G2-M,,Karla,,Usita,GOOD,1
,CORP.047,,CORPORATE,NXHUQSP005113008FB2N00,ACER ASPIRE A514-53,,Jhulles,,,GOOD,1
,CORP.048,,CORPORATE,NXEFASP00271501D706600,ACER EX2519-C49F,,Efjay,,Manalastas,GOOD,1
,CORP.049,,CORPORATE,D20501966,HIKVISION INTERACTIVE TABLET,,ADMIN,,,GOOD,1
,CORP.050,,CORPORATE,AH0803784,HIKVISION INTERACTIVE FLAT PANEL,,ADMIN,,,GOOD,1
